﻿<?xml version="1.0"?>
<doc>
<assembly>
<name>
MySQLCentralBackup
</name>
</assembly>
<members>
<member name="P:MySQLCentralBackup.My.Resources.Resources.ResourceManager">
	<summary>
  Returns the cached ResourceManager instance used by this class.
</summary>
</member><member name="P:MySQLCentralBackup.My.Resources.Resources.Culture">
	<summary>
  Overrides the current thread's CurrentUICulture property for all
  resource lookups using this strongly typed resource class.
</summary>
</member><member name="P:MySQLCentralBackup.My.Resources.Resources._065">
	<summary>
  Looks up a localized resource of type System.Drawing.Bitmap.
</summary>
</member><member name="P:MySQLCentralBackup.My.Resources.Resources._150">
	<summary>
  Looks up a localized resource of type System.Drawing.Bitmap.
</summary>
</member><member name="P:MySQLCentralBackup.My.Resources.Resources.arrow_continue_180">
	<summary>
  Looks up a localized resource of type System.Drawing.Bitmap.
</summary>
</member><member name="P:MySQLCentralBackup.My.Resources.Resources.building__plus">
	<summary>
  Looks up a localized resource of type System.Drawing.Bitmap.
</summary>
</member><member name="P:MySQLCentralBackup.My.Resources.Resources.cross">
	<summary>
  Looks up a localized resource of type System.Drawing.Bitmap.
</summary>
</member><member name="P:MySQLCentralBackup.My.Resources.Resources.database__arrow">
	<summary>
  Looks up a localized resource of type System.Drawing.Bitmap.
</summary>
</member><member name="P:MySQLCentralBackup.My.Resources.Resources.database__pencil">
	<summary>
  Looks up a localized resource of type System.Drawing.Bitmap.
</summary>
</member><member name="P:MySQLCentralBackup.My.Resources.Resources.database__plus">
	<summary>
  Looks up a localized resource of type System.Drawing.Bitmap.
</summary>
</member><member name="P:MySQLCentralBackup.My.Resources.Resources.database_delete">
	<summary>
  Looks up a localized resource of type System.Drawing.Bitmap.
</summary>
</member><member name="P:MySQLCentralBackup.My.Resources.Resources.databases">
	<summary>
  Looks up a localized resource of type System.Drawing.Bitmap.
</summary>
</member><member name="P:MySQLCentralBackup.My.Resources.Resources.document_excel_table">
	<summary>
  Looks up a localized resource of type System.Drawing.Bitmap.
</summary>
</member><member name="P:MySQLCentralBackup.My.Resources.Resources.lock">
	<summary>
  Looks up a localized resource of type System.Drawing.Bitmap.
</summary>
</member><member name="P:MySQLCentralBackup.My.Resources.Resources.lock__exclamation">
	<summary>
  Looks up a localized resource of type System.Drawing.Bitmap.
</summary>
</member><member name="P:MySQLCentralBackup.My.Resources.Resources.lock_unlock">
	<summary>
  Looks up a localized resource of type System.Drawing.Bitmap.
</summary>
</member><member name="P:MySQLCentralBackup.My.Resources.Resources.newspapers">
	<summary>
  Looks up a localized resource of type System.Drawing.Bitmap.
</summary>
</member><member name="P:MySQLCentralBackup.My.Resources.Resources.notebook__arrow">
	<summary>
  Looks up a localized resource of type System.Drawing.Bitmap.
</summary>
</member><member name="P:MySQLCentralBackup.My.Resources.Resources.notebook__minus">
	<summary>
  Looks up a localized resource of type System.Drawing.Bitmap.
</summary>
</member><member name="P:MySQLCentralBackup.My.Resources.Resources.notebook__pencil">
	<summary>
  Looks up a localized resource of type System.Drawing.Bitmap.
</summary>
</member><member name="P:MySQLCentralBackup.My.Resources.Resources.notebook__plus">
	<summary>
  Looks up a localized resource of type System.Drawing.Bitmap.
</summary>
</member><member name="P:MySQLCentralBackup.My.Resources.Resources.tick">
	<summary>
  Looks up a localized resource of type System.Drawing.Bitmap.
</summary>
</member><member name="P:MySQLCentralBackup.My.Resources.Resources.Time_Hot">
	<summary>
  Looks up a localized resource of type System.Drawing.Bitmap.
</summary>
</member><member name="P:MySQLCentralBackup.My.Resources.Resources.user__plus">
	<summary>
  Looks up a localized resource of type System.Drawing.Bitmap.
</summary>
</member><member name="T:MySQLCentralBackup.My.Resources.Resources">
	<summary>
  A strongly-typed resource class, for looking up localized strings, etc.
</summary>
</member>
</members>
</doc>